{"cameraMode":{"drawMode":0,"name":"Shaded","section":"Shading Mode"},"sceneLighting":false,"audioPlay":false,"sceneViewState":{"m_AlwaysRefresh":false,"showFog":true,"showSkybox":false,"showFlares":true,"showImageEffects":true,"showParticleSystems":true,"showVisualEffectGraphs":true,"m_FxEnabled":true},"in2DMode":false,"pivot":{"x":-1.0623602867126465,"y":3.3142709732055666,"z":2.7211427688598635},"rotation":{"x":0.11298062652349472,"y":0.6724013686180115,"z":-0.10493263602256775,"w":0.7239532470703125},"size":4.1575422286987309,"orthographic":false}