{"cameraMode":{"drawMode":0,"name":"Shaded","section":"Shading Mode"},"sceneLighting":false,"audioPlay":false,"sceneViewState":{"m_AlwaysRefresh":false,"showFog":true,"showSkybox":false,"showFlares":true,"showImageEffects":true,"showParticleSystems":true,"showVisualEffectGraphs":true,"m_FxEnabled":true},"in2DMode":false,"pivot":{"x":-2.6834163665771486,"y":-2.5848159790039064,"z":3.483623504638672},"rotation":{"x":0.3901646137237549,"y":-0.000004131110472371802,"z":0.00000203014315047767,"w":0.9207483530044556},"size":18.79745101928711,"orthographic":false}