{"cameraMode":{"drawMode":0,"name":"Shaded","section":"Shading Mode"},"sceneLighting":false,"audioPlay":false,"sceneViewState":{"m_AlwaysRefresh":false,"showFog":true,"showSkybox":false,"showFlares":true,"showImageEffects":true,"showParticleSystems":true,"showVisualEffectGraphs":true,"m_FxEnabled":true},"in2DMode":false,"pivot":{"x":0.9455927014350891,"y":4.577577590942383,"z":-4.6625213623046879},"rotation":{"x":0.4257670044898987,"y":-0.0013613614719361067,"z":0.0006407466134987772,"w":0.9048338532447815},"size":17.92181396484375,"orthographic":false}