{"cameraMode":{"drawMode":0,"name":"Shaded","section":"Shading Mode"},"sceneLighting":false,"audioPlay":false,"sceneViewState":{"m_AlwaysRefresh":false,"showFog":true,"showSkybox":false,"showFlares":true,"showImageEffects":true,"showParticleSystems":true,"showVisualEffectGraphs":true,"m_FxEnabled":true},"in2DMode":false,"pivot":{"x":-1.7778087854385377,"y":6.271463394165039,"z":-5.588665008544922},"rotation":{"x":0.0002653863630257547,"y":0.9968176484107971,"z":-0.07972458750009537,"w":0.003289825515821576},"size":11.927108764648438,"orthographic":false}