{"cameraMode":{"drawMode":0,"name":"Shaded","section":"Shading Mode"},"sceneLighting":false,"audioPlay":false,"sceneViewState":{"m_AlwaysRefresh":false,"showFog":true,"showSkybox":false,"showFlares":true,"showImageEffects":true,"showParticleSystems":true,"showVisualEffectGraphs":true,"m_FxEnabled":true},"in2DMode":false,"pivot":{"x":1.3531010150909424,"y":1.8802404403686524,"z":0.5598487854003906},"rotation":{"x":0.3309127390384674,"y":0.05233355984091759,"z":-0.018380649387836458,"w":0.9420354962348938},"size":9.492292404174805,"orthographic":false}